player1_id,player_name_full,fga,fg_pct,xfg_pct,epaa_total,epaa_per100
2544,LeBron James,1270,0.5125984251968504,0.4760857078092774,130.86451180068613,10.304292267770562
101108,Chris Paul,583,0.42710120068610635,0.4074568771349832,67.92145354941634,11.65033508566318
200768,Kyle Lowry,117,0.3504273504273504,0.37512962768475216,8.78453610057256,7.50815051330988
200782,P.J. Tucker,7,0.42857142857142855,0.3494012068424906,0.8610058378961248,12.300083398516069
201142,Kevin Durant,1124,0.5266903914590747,0.44298832284226963,223.52527637677846,19.88659042498029
201143,Al Horford,461,0.4229934924078091,0.43288878676301745,20.05288655643364,4.349866931981267
201144,Mike Conley,468,0.3995726495726496,0.4058774440652794,42.559407397508714,9.093890469553143
201145,Jeff Green,121,0.5041322314049587,0.43688051242473697,9.73860942769549,8.04843754354999
201566,Russell Westbrook,831,0.44885679903730447,0.48225816493466156,-26.067264662173258,-3.1368549533301153
201567,Kevin Love,115,0.3565217391304348,0.4202543789277906,3.470381048988781,3.0177226512945925
201569,Eric Gordon,204,0.4264705882352941,0.40046839324720934,21.67639338042205,10.625683029618653
201572,Brook Lopez,774,0.5090439276485789,0.4765505991510335,74.46080680680018,9.620259277364363
201587,Nicolas Batum,238,0.4369747899159664,0.39778543232368824,38.00268065011101,15.967512878197903
201599,DeAndre Jordan,140,0.65,0.7054437675646373,-6.425007271298164,-4.589290908070118
201935,James Harden,1295,0.41003861003861003,0.40483214056054595,115.57484620919787,8.92469854897281
201939,Stephen Curry,1258,0.4483306836248013,0.4016470702125177,212.0922682804856,16.85948078541221
201942,DeMar DeRozan,1308,0.47706422018348627,0.4196312655879908,186.7659255053743,14.278740482062254
201949,James Johnson,11,0.36363636363636365,0.4860306002876975,0.0931926840615567,0.8472062187414245
201950,Jrue Holiday,573,0.4432809773123909,0.4383521687505965,28.491060915772252,4.972261939925349
201959,Taj Gibson,95,0.49473684210526314,0.5627201703033949,-3.2787392494369425,-3.4513044730915183
201988,Patty Mills,96,0.375,0.3857562307578822,8.936325173393238,9.308672055617956
202066,Garrett Temple,60,0.3,0.4546892608205477,-0.6474839252835811,-1.0791398754726351
202331,Paul George,570,0.4298245614035088,0.4208726681376758,37.637371702039665,6.603047667024502
202681,Kyrie Irving,945,0.473015873015873,0.43256768514870336,105.44431635840178,11.15812871517479
202684,Tristan Thompson,71,0.43661971830985913,0.5406555273163487,-1.8810237989000391,-2.649329294225407
202685,Jonas Valančiūnas,627,0.5502392344497608,0.5127304922165483,60.638893150330965,9.671274824614189
202687,Bismack Biyombo,114,0.5877192982456141,0.5570135801507715,5.848935151270008,5.130644869535095
202691,Klay Thompson,877,0.41163055872291904,0.4021362922788346,76.3365669166504,8.70428357088374
202692,Alec Burks,271,0.42435424354243545,0.39084223410410196,37.833536093053894,13.960714425481141
202693,Markieff Morris,70,0.3,0.41502007001212665,1.4306031346124968,2.043718763732138
202695,Kawhi Leonard,623,0.49759229534510435,0.46524984615572385,52.28653756404778,8.392702658755661
202696,Nikola Vučević,1038,0.5298651252408478,0.4759728247245957,130.94009949376817,12.614653130420827
202699,Tobias Harris,805,0.47701863354037266,0.4680599007547272,34.736384404939734,4.315078808067048
202704,Reggie Jackson,133,0.39097744360902253,0.40872053006537873,6.849248236979255,5.14981070449568
202709,Cory Joseph,154,0.4025974025974026,0.38884908788196454,12.864312301246166,8.353449546263745
202710,Jimmy Butler III,597,0.5041876046901173,0.5134236408612836,4.35732942502378,0.7298709254646197
203076,Anthony Davis,910,0.5164835164835165,0.5212995367554518,31.44077711114761,3.4550304517744626
203078,Bradley Beal,694,0.49711815561959655,0.44402147999156794,73.89724010153786,10.648017305697099
203081,Damian Lillard,992,0.4475806451612903,0.42185333315583484,108.81507059449284,10.969261148638392
203083,Andre Drummond,234,0.5,0.5845407567536219,-15.892329234271726,-6.791593689859712
203084,Harrison Barnes,683,0.5080527086383602,0.46756472710198227,70.31862861933642,10.295553238555845
203109,Jae Crowder,22,0.3181818181818182,0.3945731087164445,1.6639232609645838,7.563287549839017
203110,Draymond Green,509,0.4243614931237721,0.4593896166895368,-7.464179708794656,-1.4664400213741957
203114,Khris Middleton,337,0.47477744807121663,0.417074857992659,38.8620547963192,11.531767001875133
203458,Alex Len,63,0.5079365079365079,0.5460209354521737,-0.45886922536893493,-0.7283638497919602
203468,CJ McCollum,1000,0.444,0.43414417092502117,70.21009721836545,7.021009721836545
203471,Dennis Schröder,827,0.4062877871825877,0.41379728016895134,32.14294158948561,3.88669184878907
203482,Kelly Olynyk,268,0.5,0.49729325889206644,5.120483483946151,1.910628165651549
203484,Kentavious Caldwell-Pope,544,0.43933823529411764,0.4261147706933758,31.43819534467283,5.77908002659427
203486,Mason Plumlee,202,0.6188118811881188,0.6368286233801063,1.0119209291984814,0.5009509550487532
203497,Rudy Gobert,510,0.6686274509803921,0.7390891154022777,-34.29146693929412,-6.7238170469204155
203500,Steven Adams,167,0.5449101796407185,0.5736195893433993,1.361891193309572,0.815503708568606
203501,Tim Hardaway Jr.,680,0.40588235294117647,0.40573300530805306,51.81554042746995,7.619932415804405
203507,Giannis Antetokounmpo,1319,0.601213040181956,0.5971266884212696,54.479205856960796,4.130341611596725
203552,Seth Curry,343,0.478134110787172,0.40862184502293,49.40607114426602,14.404102374421582
203897,Zach LaVine,1223,0.5110384300899428,0.46391883231729925,175.11801951026376,14.318726043357627
203901,Elfrid Payton,122,0.32786885245901637,0.4665069740082397,-4.191091990311569,-3.435321303534073
203903,Jordan Clarkson,492,0.40853658536585363,0.39887357419886726,36.62936212996555,7.444992302838526
203914,Gary Harris,133,0.38345864661654133,0.39478724433067147,10.34737134117769,7.7799784520132995
203915,Spencer Dinwiddie,682,0.41642228739002934,0.42102803346698237,28.862493414061984,4.2320371574870945
203924,Jerami Grant,574,0.37282229965156793,0.4430070783722276,-15.016807252155672,-2.616168510828514
203926,Doug McDermott,117,0.42735042735042733,0.3838235360817013,20.253410845562943,17.31060756031021
203932,Aaron Gordon,497,0.5311871227364185,0.5148868025758376,18.673625194332033,3.757268650771033
203935,Marcus Smart,257,0.39299610894941633,0.41055465341773945,10.602046190006368,4.125309801558898
203937,Kyle Anderson,303,0.46864686468646866,0.4730426407981627,8.596907232794356,2.8372631131334507
203939,Dwight Powell,61,0.6885245901639344,0.6702622492782405,-0.5374293931741511,-0.8810317920887722
203944,Julius Randle,939,0.4845580404685836,0.4798904274519894,38.32225983050639,4.081177830724855
203952,Andrew Wiggins,839,0.44815256257449343,0.443838854139411,46.67930763085946,5.563683865418292
203954,Joel Embiid,315,0.4444444444444444,0.46002711019818743,9.500987166703313,3.016186402128036
203957,Danté Exum,134,0.47761194029850745,0.4358391602203917,5.74209180801422,4.28514314030912
203967,Dario Šarić,58,0.3620689655172414,0.43412498744397326,0.7517339131855862,1.2960929537682522
203991,Clint Capela,390,0.558974358974359,0.6495404735589638,-42.43260082410886,-10.88015405746381
203992,Bogdan Bogdanović,492,0.4268292682926829,0.41880958919542105,35.0509597666302,7.124178814355732
203994,Jusuf Nurkić,352,0.4772727272727273,0.49783597039905464,4.23566826311171,1.2033148474749176
203995,Vasilije Micic,273,0.34798534798534797,0.4106089215138893,3.176013107993843,1.1633747648329096
203999,Nikola Jokić,1363,0.5766691122523845,0.48268420411026486,263.40098388910127,19.3250905274469
204001,Kristaps Porziņģis,574,0.48257839721254353,0.46832829119332575,54.93921523680056,9.571291853101142
204060,Joe Ingles,23,0.2608695652173913,0.39079365652540454,1.3059095108856447,5.677867438633237
204456,T.J. McConnell,624,0.5192307692307693,0.4804339289712982,43.25270106048189,6.931522605846456
1626145,Tyus Jones,683,0.4480234260614934,0.41611022022205074,79.62216772622583,11.657711233708028
1626153,Delon Wright,131,0.3435114503816794,0.44584059396772896,-1.2760791312128934,-0.9741062070327431
1626156,D'Angelo Russell,638,0.390282131661442,0.40785139027200523,22.38484569549306,3.5085965039957774
1626157,Karl-Anthony Towns,1215,0.5259259259259259,0.5130647095878429,92.93640750417784,7.649087037380892
1626158,Richaun Holmes,139,0.6474820143884892,0.6224242956947079,4.937599402702693,3.5522297861170453
1626162,Kelly Oubre Jr.,741,0.46963562753036436,0.5018274462134571,-10.43992575187142,-1.4088968626007317
1626164,Devin Booker,1420,0.46056338028169014,0.43008435989244725,143.05276982502093,10.074138720071897
1626166,Cameron Payne,446,0.4013452914798206,0.42011892471479195,18.709326613358744,4.19491628102214
1626167,Myles Turner,811,0.4808877928483354,0.46802604984854945,66.16729086340612,8.158728836424922
1626168,Trey Lyles,374,0.4197860962566845,0.45306741462193706,6.151739720200717,1.6448501925670367
1626171,Bobby Portis,595,0.46554621848739497,0.46094726464327646,27.66989231908819,4.65040207043499
1626172,Kevon Looney,278,0.5143884892086331,0.5589499815816074,-5.434907426454342,-1.9550026713864541
1626179,Terry Rozier,635,0.3905511811023622,0.43455110908023953,-19.699529486853876,-3.102288108165965
1626181,Norman Powell,945,0.4835978835978836,0.43851099526756027,119.32229538499192,12.626697924337769
1626192,Pat Connaughton,177,0.4689265536723164,0.48236574813471,1.5428050876109294,0.8716412924355533
1626196,Josh Richardson,38,0.2894736842105263,0.39976915579877403,1.5588493921382252,4.102235242469014
1626204,Larry Nance Jr.,155,0.5161290322580645,0.49432423816573234,8.728363802717418,5.631202453366075
1626220,Royce O'Neale,570,0.42280701754385963,0.40583313226438406,68.60861827266447,12.03659969695868
1627732,Ben Simmons,223,0.5201793721973094,0.5614066801530898,-0.7906960164083691,-0.35457220466743006
1627734,Domantas Sabonis,893,0.5901455767077267,0.5419569654267152,83.0621246069521,9.301469720823302
1627736,Malik Beasley,1071,0.4304388422035481,0.3941550962870417,186.65057299618897,17.42769122280009
1627739,Kris Dunn,437,0.43935926773455375,0.4525570854783331,3.8701834346120854,0.8856254999112323
1627741,Buddy Hield,786,0.4173027989821883,0.40709434540672157,70.78666964359637,9.005937613689106
1627742,Brandon Ingram,333,0.46546546546546547,0.42742717297406524,27.579891899677943,8.282249819723106
1627746,Skal Labissiere,4,0.5,0.42474430799484253,0.3268826978005235,8.172067445013088
1627747,Caris LeVert,599,0.4674457429048414,0.48749661359792956,4.856739860224227,0.8108079900207391
1627749,Dejounte Murray,494,0.39271255060728744,0.4432149941501347,-8.79086272172945,-1.7795268667468522
1627750,Jamal Murray,1121,0.47368421052631576,0.43910677259809516,117.28402085106907,10.462446106250587
1627751,Jakob Poeltl,579,0.6269430051813472,0.574202891960354,57.24434873889308,9.88676144022333
1627752,Taurean Prince,514,0.4571984435797665,0.43209085957027593,57.69325380652586,11.22436844484939
1627759,Jaylen Brown,1118,0.46332737030411447,0.45341838905604454,68.4348587057334,6.121185930745385
1627763,Malcolm Brogdon,240,0.43333333333333335,0.4689051067146162,-0.18456186222579682,-0.07690077592741534
1627777,Georges Niang,620,0.4612903225806452,0.4309570706900089,57.41758063527328,9.260900102463433
1627780,Gary Payton II,298,0.5738255033557047,0.5262372385235441,13.523730561187469,4.538164617848144
1627783,Pascal Siakam,1182,0.5186125211505922,0.48529614854206893,108.98786018617983,9.220631149422998
1627814,Damion Lee,74,0.36486486486486486,0.41114325277708674,2.4241676658952147,3.2759022512097498
1627824,Guerschon Yabusele,563,0.5008880994671403,0.48391752634495233,39.23616783733634,6.96912394979331
1627826,Ivica Zubac,942,0.6284501061571125,0.5885144720791252,92.82647959398928,9.854191039701622
1627827,Dorian Finney-Smith,435,0.4482758620689655,0.431830848702069,45.659437078764235,10.496422316957295
1627832,Fred VanVleet,759,0.37812911725955206,0.4007644273429049,38.085147548624946,5.017806001136356
1627884,Derrick Jones Jr.,589,0.5263157894736842,0.5454292786774085,-11.214249734735912,-1.9039473233847046
1627936,Alex Caruso,314,0.445859872611465,0.4811653891091893,0.8549258464310286,0.27226937784427663
1628365,Markelle Fultz,67,0.417910447761194,0.44269862682072086,2.6406258804993463,3.9412326574617107
1628366,Lonzo Ball,243,0.3662551440329218,0.3890373291976658,19.258575303829485,7.925339631205549
1628368,De'Aaron Fox,1163,0.46345657781599314,0.4471375709743922,67.18503604776335,5.776873262920322
1628369,Jayson Tatum,1465,0.451877133105802,0.44066104236672354,128.73624987779186,8.787457329542107
1628370,Malik Monk,939,0.4387646432374867,0.43583933017251336,40.509608328862555,4.314122292743616
1628371,Jonathan Isaac,324,0.41358024691358025,0.5035745811499195,-22.89092259044867,-7.065099564953294
1628374,Lauri Markkanen,700,0.4228571428571429,0.4526681251823902,23.65394012078903,3.3791343029698613
1628378,Donovan Mitchell,1320,0.4431818181818182,0.43116865269839766,109.4915758206966,8.294816350052773
1628379,Luke Kennard,431,0.4779582366589327,0.4160430412696298,62.40703260175189,14.479589930800902
1628380,Zach Collins,302,0.5066225165562914,0.5044486733609872,6.332740717361401,2.0969340123713245
1628381,John Collins,531,0.527306967984934,0.49858711303515174,29.228669989835854,5.504457625204492
1628384,OG Anunoby,1027,0.4761441090555015,0.5159245346688249,-18.33928926293808,-1.7857146312500567
1628386,Jarrett Allen,640,0.70625,0.6679991401266306,37.55350895733733,5.867735774583958
1628389,Bam Adebayo,1113,0.48517520215633425,0.5029395721444436,4.7784901588685385,0.4293342460798328
1628392,Isaiah Hartenstein,480,0.58125,0.581679672251145,17.301894039986585,3.6045612583305386
1628396,Tony Bradley,45,0.6444444444444445,0.613215967019399,-0.5493787443521101,-1.2208416541158003
1628398,Kyle Kuzma,848,0.4363207547169811,0.4732890673122316,-15.000210230724962,-1.7688927158873777
1628401,Derrick White,959,0.4421272158498436,0.4011588974994713,132.39769339370136,13.805807444598681
1628404,Josh Hart,770,0.5246753246753246,0.506950751730761,31.22325255551033,4.054967864351991
1628408,PJ Dozier,3,0.6666666666666666,0.35540613532066345,0.5845786038625,19.485953462083334
1628415,Dillon Brooks,895,0.42905027932960893,0.4267534068509853,57.23408959493832,6.394870345803164
1628418,Thomas Bryant,321,0.5077881619937694,0.5075152564642956,2.905542860884787,0.9051535392164446
1628420,Monte Morris,195,0.42564102564102563,0.4093185414106418,11.015717275996723,5.649085782562422
1628427,Vlatko Čančar,26,0.38461538461538464,0.4460136437645325,0.7742683539731533,2.977955207589051
1628436,Luke Kornet,280,0.6678571428571428,0.6744839979601758,2.5827451507133907,0.9224089823976396
1628449,Chris Boucher,370,0.4918918918918919,0.48885342007553256,15.09234416928924,4.079011937645741
1628464,Daniel Theis,129,0.4728682170542636,0.5155823145263879,-1.5713514737038259,-1.218101917599865
1628467,Maxi Kleber,96,0.3854166666666667,0.44980874688675004,0.7051449383831925,0.7345259774824923
1628470,Torrey Craig,90,0.4222222222222222,0.42606482009092966,7.457865067956112,8.286516742173458
1628960,Grayson Allen,489,0.44785276073619634,0.41073002122296876,74.86117681755296,15.30903411401901
1628963,Marvin Bagley III,106,0.5188679245283019,0.5791716851153463,-2.1264554039090084,-2.006090003687744
1628964,Mo Bamba,112,0.4642857142857143,0.4861607433163694,2.3659941121560664,2.1124947429964878
1628969,Mikal Bridges,1183,0.5004226542688082,0.46694011205298763,99.84450607951634,8.439941342309073
1628970,Miles Bridges,1089,0.43067033976124885,0.45793124433363985,-0.3349926479654938,-0.030761492007850666
1628971,Bruce Brown,309,0.42071197411003236,0.4887287657237747,-14.741594645361939,-4.770742603677003
1628973,Jalen Brunson,1200,0.4875,0.43905828464776275,147.19026931253086,12.265855776044237
1628975,Jevon Carter,146,0.3767123287671233,0.4045429172581189,8.919484518781532,6.1092359717681735
1628976,Wendell Carter Jr.,491,0.46028513238289204,0.5275678033741331,-27.250945329070962,-5.550090698385125
1628978,Donte DiVincenzo,594,0.4208754208754209,0.4094244305307817,70.34271257318579,11.842207503903332
1628981,Bruno Fernando,49,0.5306122448979592,0.5637515439670913,0.5258833385793604,1.0732313032231846
1628983,Shai Gilgeous-Alexander,1656,0.5193236714975845,0.47248959124250256,196.63303606491723,11.873975607784859
1628988,Aaron Holiday,268,0.43656716417910446,0.3913954323185469,33.24479796140692,12.404775358733923
1628989,Kevin Huerter,604,0.42549668874172186,0.43201753741364607,19.712911760809128,3.263727112716743
1628991,Jaren Jackson Jr.,1214,0.4876441515650741,0.44592872471893835,155.75533982114945,12.82992914506997
1628995,Kevin Knox II,36,0.5,0.5177175609601868,0.6098957854910652,1.6941549596974033
1628997,Caleb Martin,304,0.4243421052631579,0.45517039352929906,0.6203006228088509,0.20404625750291147
1628998,Cody Martin,325,0.41846153846153844,0.4612128505339989,-5.519470948304309,-1.6982987533244025
1629001,De'Anthony Melton,54,0.4074074074074074,0.4228799094756444,3.5958500190475555,6.658981516754732
1629003,Shake Milton,254,0.452755905511811,0.43278453018017643,14.844446085899555,5.84427011255888
1629004,Svi Mykhailiuk,302,0.39072847682119205,0.399465918614967,17.00824764321364,5.631870080534318
1629006,Josh Okogie,212,0.44339622641509435,0.4726554944689544,1.34112216421717,0.6326047944420613
1629008,Michael Porter Jr.,1048,0.5038167938931297,0.46785457161404476,118.48916064600824,11.306217618893916
1629011,Mitchell Robinson,56,0.6607142857142857,0.7350425544594016,-2.7107956546105925,-4.840706526090344
1629012,Collin Sexton,867,0.4798154555940023,0.4312375909299724,92.10073438081325,10.622922073911562
1629013,Landry Shamet,230,0.4608695652173913,0.4147470163586347,23.6410633242445,10.27872318445413
1629014,Anfernee Simons,1125,0.42577777777777776,0.4116345931622717,105.33441409791888,9.363059030926124
1629018,Gary Trent Jr.,657,0.4307458143074581,0.40928449253785554,80.06364271199337,12.186246988126845
1629020,Jarred Vanderbilt,121,0.48760330578512395,0.5827258396739802,-8.786312112674237,-7.261414969152261
1629021,Moritz Wagner,249,0.5622489959839357,0.5383271070488964,8.509869142890228,3.4176181296747905
1629022,Lonnie Walker IV,212,0.419811320754717,0.41987833816487835,13.681199762901317,6.453396114576093
1629023,P.J. Washington,665,0.45263157894736844,0.4725708270431461,8.508001453643404,1.2793987148335946
1629026,Kenrich Williams,354,0.4830508474576271,0.4553945605237942,23.560273459492006,6.655444480082487
1629027,Trae Young,1376,0.4113372093023256,0.41681025450681014,71.92906013410628,5.227402626025166
1629028,Deandre Ayton,468,0.5662393162393162,0.5731907931403217,10.370997734756967,2.2160251569993523
1629029,Luka Dončić,1025,0.4497560975609756,0.41746514460662515,119.49682791401408,11.658227113562349
1629048,Goga Bitadze,339,0.6106194690265486,0.6268008202534158,-1.5840060622926415,-0.4672584254550565
1629052,Oshae Brissett,39,0.48717948717948717,0.4784699869461549,0.8304981731227389,2.12948249518651
1629056,Terence Davis,2,0,0.42098212242126465,0.14674147082050593,7.337073541025296
1629057,Robert Williams III,78,0.6410256410256411,0.6731096846170914,-1.4023573850862283,-1.7978940834438824
1629060,Rui Hachimura,576,0.5086805555555556,0.4975183529054953,27.65126065502317,4.800566085941522
1629098,Jack McVeigh,17,0.29411764705882354,0.3931283424882328,1.5350294270348475,9.029584864910866
1629111,Jock Landale,152,0.5328947368421053,0.5253495246564087,2.0265475637861976,1.33325497617513
1629130,Duncan Robinson,663,0.4374057315233786,0.4115869544255428,85.63784438256951,12.916718609738991
1629162,Jordan McLaughlin,72,0.4305555555555556,0.3917538966569636,6.375715463773866,8.855160366352592
1629216,Gabe Vincent,420,0.4,0.39807140018258774,31.375180376635853,7.470281042056156
1629234,Drew Eubanks,194,0.5927835051546392,0.5775525258066728,4.941302699438018,2.547063247132999
1629312,Haywood Highsmith,391,0.4578005115089514,0.46458427676611846,13.643799426418921,3.4894627689050948
1629599,Amir Coffey,510,0.47058823529411764,0.45708315945139116,36.44292381332521,7.14567133594612
1629610,DaQuan Jeffries,291,0.4054982817869416,0.45281913200604545,-2.978241146467873,-1.0234505657965198
1629611,Terance Mann,413,0.4963680387409201,0.4755362738059162,17.215513669396998,4.16840524682736
1629614,Andrew Nembhard,539,0.4582560296846011,0.45112916948843973,22.864655924281923,4.24205119188904
1629618,Jalen Pickett,180,0.42777777777777776,0.4074788759152094,13.20022367587798,7.333457597709989
1629622,Max Strus,373,0.44235924932975873,0.4196347823970759,43.48872501493207,11.659175607220394
1629626,Bol Bol,183,0.5245901639344263,0.4494204104272394,17.325159982133563,9.467300536685007
1629627,Zion Williamson,508,0.5669291338582677,0.5259294603753277,32.525431222172294,6.4026439413724985
1629628,RJ Barrett,982,0.4684317718940937,0.5006801380022844,-24.893196455651676,-2.5349487225714538
1629629,Cam Reddish,94,0.40425531914893614,0.47407469676530106,0.4523666097647876,0.48124107421785917
1629630,Ja Morant,889,0.4544431946006749,0.4555374078360398,17.007016610243006,1.9130502373726666
1629631,De'Andre Hunter,762,0.46981627296587924,0.44350812941046525,74.50111670762833,9.77704943669663
1629632,Coby White,1121,0.45316681534344333,0.43780551073170476,84.97543834995821,7.580324562886548
1629634,Brandon Clarke,380,0.6210526315789474,0.5513316097620287,40.82813425227459,10.744245855861733
1629636,Darius Garland,1174,0.47189097103918226,0.4375914799039977,131.54977834691755,11.205262210129264
1629637,Jaxson Hayes,223,0.7219730941704036,0.7480569064884443,-4.6782131745974125,-2.0978534415235033
1629638,Nickeil Alexander-Walker,616,0.4383116883116883,0.42895941054085635,43.76255357329325,7.104310645015138
1629639,Tyler Herro,1376,0.4731104651162791,0.4221414150940904,204.1223002502128,14.834469494928255
1629640,Keldon Johnson,770,0.4818181818181818,0.4928151343840283,1.1836745830867164,0.15372397182944367
1629643,Chuma Okeke,40,0.5,0.4830085389316082,3.5638018071557855,8.909504517889463
1629645,Kevin Porter Jr.,652,0.4493865030674847,0.4588430455765841,15.294558132437466,2.3457911246069734
1629646,Charles Bassey,117,0.5811965811965812,0.6582310087660439,-6.840004654068957,-5.846157823990562
1629650,Moses Brown,49,0.6938775510204082,0.6668731101921627,1.473434589305702,3.007009365930004
1629651,Nic Claxton,568,0.5633802816901409,0.5993377912369832,-9.430227647912195,-1.6602513464634145
1629652,Luguentz Dort,593,0.4350758853288364,0.43066821819011114,52.10931404410896,8.787405403728323
1629655,Daniel Gafford,403,0.7022332506203474,0.6668204955812128,16.1531060905688,4.008214910811117
1629656,Quentin Grimes,823,0.4665856622114216,0.45551948395092606,58.68965277020757,7.131185026756692
1629659,Talen Horton-Tucker,291,0.4570446735395189,0.5064991568679252,-11.391379713538655,-3.9145634754428364
1629660,Ty Jerome,618,0.5161812297734628,0.4266986301874073,104.3835451583917,16.890541287765647
1629661,Cameron Johnson,747,0.47523427041499333,0.43665018048351867,85.91431218500998,11.501246611112448
1629669,Jaylen Nowell,73,0.3561643835616438,0.4335183472666022,1.382406894540346,1.8937080747128026
1629673,Jordan Poole,1056,0.4327651515151515,0.4153070771347054,121.72864990489317,11.527334271296702
1629674,Neemias Queta,203,0.6502463054187192,0.646072066329383,-1.1499837963829267,-0.5664944809768112
1629675,Naz Reid,923,0.46153846153846156,0.45635749308446893,55.902600938832855,6.056619820025229
1629680,Matisse Thybulle,88,0.4772727272727273,0.4559177937494083,5.4646031639846395,6.209776322709818
1629684,Grant Williams,123,0.43902439024390244,0.43155813023326844,7.54946157871448,6.137773641231284
1629723,John Konchar,91,0.45054945054945056,0.4474112120467228,6.12189585784096,6.7273580855395165
1629726,Garrison Mathews,257,0.3968871595330739,0.38663757131489335,32.486538786554185,12.64067657064365
1629731,Dean Wade,271,0.4132841328413284,0.4223989766242319,15.36298829194145,5.668999369720093
1629750,Javonte Green,288,0.4270833333333333,0.48613376667102176,-7.299091136017235,-2.5344066444504287
1630162,Anthony Edwards,1612,0.4472704714640198,0.4347960399255785,154.75525148627946,9.600201705104185
1630163,LaMelo Ball,1003,0.4047856430707876,0.41811286507254225,45.62394346652756,4.548748102345718
1630164,James Wiseman,4,0.5,0.43931693583726883,0.3376375031819552,8.44093757954888
1630165,Killian Hayes,43,0.4186046511627907,0.4283620929995248,1.8608244283663322,4.327498670619377
1630166,Deni Avdija,844,0.476303317535545,0.4830857183766591,34.03201032715883,4.032228711748676
1630167,Obi Toppin,599,0.5292153589315526,0.5003693724464694,42.863630249511324,7.155864816279019
1630168,Onyeka Okongwu,684,0.5672514619883041,0.5756209408483136,-1.962217001971073,-0.28687383069752526
1630169,Tyrese Haliburton,1006,0.4731610337972167,0.41493656862504913,165.29033534921413,16.430450829941766
1630170,Devin Vassell,889,0.4431946006749156,0.43278501599323094,64.0475879242587,7.204453084843499
1630171,Isaac Okoro,267,0.46441947565543074,0.4986522743541203,-1.2779409780692366,-0.4786295798012122
1630172,Patrick Williams,516,0.39728682170542634,0.44579686960855197,-4.34923118251108,-0.8428742601765657
1630173,Precious Achiuwa,327,0.5015290519877675,0.5827736979413105,-29.084126098576665,-8.894228164702344
1630174,Aaron Nesmith,379,0.5065963060686016,0.45142731235650096,39.8884287074741,10.52465137400372
1630175,Cole Anthony,543,0.42357274401473294,0.4251205901689073,22.360880366931223,4.118025850263577
1630178,Tyrese Maxey,1091,0.43721356553620533,0.44925940585835716,22.718831988649807,2.0823860667873335
1630182,Josh Green,421,0.42755344418052255,0.45281977758625624,11.696640828682632,2.7782994842476563
1630183,Jaden McDaniels,834,0.47721822541966424,0.49099085447813967,4.4452407933690825,0.5330024932097222
1630188,Jalen Smith,408,0.46568627450980393,0.4819266813460226,3.5739757986002916,0.8759744604412479
1630191,Isaiah Stewart,315,0.5587301587301587,0.5573557271370813,6.27534213251322,1.9921721055597525
1630192,Zeke Nnaji,141,0.49645390070921985,0.5341143911400585,-1.5098711172623438,-1.0708305796186837
1630193,Immanuel Quickley,438,0.4200913242009132,0.40886821368173376,32.94895583204819,7.522592655718765
1630194,Paul Reed,142,0.5070422535211268,0.540973147456075,-1.464069312533072,-1.0310347271359661
1630198,Isaiah Joe,588,0.44047619047619047,0.3976682264763279,98.16936579356383,16.695470373055073
1630200,Tre Jones,238,0.5378151260504201,0.48478144498056724,9.4150909042156,3.9559205479897477
1630201,Malachi Flynn,13,0.38461538461538464,0.4295124847155351,0.5057443418120714,3.8903410908620875
1630202,Payton Pritchard,866,0.4722863741339492,0.39437145778509264,183.7227993632023,21.21510385256378
1630205,Lamar Stevens,63,0.4603174603174603,0.4638419024764545,1.1219535503408837,1.780878651334736
1630208,Nick Richards,347,0.590778097982709,0.6067571072310467,4.3290624653334335,1.2475684338136697
1630214,Xavier Tillman,53,0.24528301886792453,0.4214609017911947,0.07672461389066698,0.14476342243522072
1630215,Jared Butler,453,0.4481236203090508,0.4309530566892613,23.793546933574984,5.25243861668322
1630217,Desmond Bane,1018,0.48428290766208254,0.4431499880912379,114.73343039677899,11.270474498701276
1630222,Mason Jones,18,0.5,0.45469002260102165,0.5586818012286813,3.1037877846037847
1630224,Jalen Green,1437,0.4231036882393876,0.43664785331956363,54.056837583879236,3.761784104654087
1630227,Daishen Nix,1,0,0.3546629548072815,0.1767280641158957,17.67280641158957
1630228,Jonathan Kuminga,568,0.45422535211267606,0.47968196782322836,1.4121491820596592,0.24861781374289774
1630230,Naji Marshall,712,0.5084269662921348,0.4838448218331578,37.58117819834333,5.278255364935862
1630231,KJ Martin,201,0.5522388059701493,0.5714466336799499,-6.116243515612405,-3.042907221697714
1630241,Sam Merrill,424,0.4056603773584906,0.39618163706980786,40.81045857775062,9.625108155129864
1630243,Trevelin Queen,147,0.38095238095238093,0.4329550406154321,0.3742567730155518,0.25459644422826655
1630245,Ayo Dosunmu,449,0.4922048997772829,0.4994502263703697,1.3373552529913086,0.2978519494412714
1630249,Vít Krejčí,292,0.4965753424657534,0.4322485101651655,43.55463356158261,14.915970397802266
1630256,Jae'Sean Tate,148,0.47297297297297297,0.4736370141240391,2.3448011283954484,1.5843250867536813
1630264,Anthony Gill,88,0.48863636363636365,0.46268358758904715,2.214660534881715,2.516659698729222
1630283,Kylor Kelley,22,0.6363636363636364,0.6683043525977568,-0.21905410288140958,-0.9957004676427709
1630288,Jeff Dowtin Jr.,230,0.48695652173913045,0.4526982628132986,11.32063568344957,4.922015514543292
1630296,Braxton Key,4,0,0.5242336243391037,-0.13482066436033535,-3.3705166090083836
1630311,Pat Spencer,101,0.40594059405940597,0.4353572612646783,0.569597615839393,0.5639580354845475
1630314,Brandon Williams,188,0.5212765957446809,0.45481441106567994,8.949036627155927,4.7601258655084715
1630322,Lindy Waters III,249,0.36947791164658633,0.39876811511545296,15.106618119112031,6.066914907273908
1630346,Matt Ryan,31,0.3225806451612903,0.4213186853354977,1.5581455680779082,5.026276026057768
1630526,Jeremiah Robinson-Earl,347,0.4553314121037464,0.4757700461990895,0.78110769005638,0.2251030807078905
1630527,Brandon Boston,381,0.4356955380577428,0.46677422985004313,2.0227518906859285,0.5309060080540495
1630528,Josh Christopher,31,0.3548387096774194,0.537585872796274,-0.6437824485451826,-2.076717575952202
1630529,Herbert Jones,172,0.436046511627907,0.48132144248242986,-1.9106341801313294,-1.1108338256577497
1630530,Trey Murphy III,839,0.4541120381406436,0.46003564426739824,45.626661322186855,5.438219466291639
1630531,Jaden Springer,90,0.3888888888888889,0.43537119486265713,1.4687195149656376,1.6319105721840417
1630532,Franz Wagner,1161,0.4625322997416021,0.4640376584333248,60.290458329822805,5.192976600329268
1630533,Ziaire Williams,520,0.4115384615384615,0.46282078126588694,-10.689690433891816,-2.055709698825349
1630534,Ochai Agbaji,534,0.49812734082397003,0.5162217325429791,2.5222534675539965,0.4723321100288383
1630537,Chris Duarte,26,0.46153846153846156,0.4269953261201198,1.3629937533658638,5.242283666791784
1630538,Bones Hyland,118,0.3983050847457627,0.3878378736770759,12.149278174288487,10.295998452786852
1630539,Kai Jones,109,0.7981651376146789,0.7272649863991169,2.754275582811079,2.526858332854201
1630540,Miles McBride,547,0.40585009140767825,0.41328462382175807,33.0796884858445,6.0474750431159965
1630541,Moses Moody,568,0.43309859154929575,0.4347187460623157,36.12303670581179,6.359689560882358
1630542,Marcus Bagley,69,0.391304347826087,0.5162598089031551,-1.4210659830032555,-2.0595159173960225
1630543,Isaiah Jackson,23,0.6086956521739131,0.694778850545054,-0.922773273572656,-4.012057711185461
1630544,Tre Mann,161,0.43478260869565216,0.43340630921888057,2.3349647695233338,1.4502886767225676
1630545,Terrence Shannon Jr.,114,0.4824561403508772,0.4996641597204041,-0.3393087886808236,-0.29763928831651193
1630548,Johnny Juzang,475,0.42947368421052634,0.40580218359043724,43.01488641205973,9.055765560433628
1630549,Day'Ron Sharpe,317,0.5205047318611987,0.5425643079476402,-6.996054789936318,-2.2069573469830654
1630550,JT Thor,59,0.423728813559322,0.47797168740781687,0.5156252247699988,0.8739410589322014
1630551,Justin Champagnie,411,0.5109489051094891,0.4875752199849073,25.913181059545106,6.304910233465962
1630552,Jalen Johnson,543,0.4990791896869245,0.5293174873536682,-8.853629998530739,-1.6305027621603572
1630553,Keon Johnson,779,0.3889602053915276,0.4349474728260481,-22.014253833345148,-2.825963264871007
1630556,Kessler Edwards,135,0.4962962962962963,0.5201480265016909,1.4311961565622047,1.0601453011571886
1630557,Corey Kispert,565,0.45132743362831856,0.4252283478600789,48.21096402299063,8.532913986370023
1630558,Davion Mitchell,476,0.4684873949579832,0.4659955917521059,16.85067923285194,3.5400586623638532
1630559,Austin Reaves,1037,0.45998071359691417,0.41656104905626007,135.40319071488068,13.057202576169786
1630560,Cam Thomas,454,0.43832599118942733,0.41125219937266233,37.113218444909286,8.174717719143015
1630561,David Duke Jr.,14,0.42857142857142855,0.499423012137413,0.27254078187714675,1.9467198705510482
1630567,Scottie Barnes,1063,0.44590780809031044,0.4809599187810356,-18.52300830387952,-1.7425219476838685
1630568,Luka Garza,105,0.49523809523809526,0.48373335003852846,1.8489571626283134,1.7609115834555367
1630570,Trendon Watford,350,0.4685714285714286,0.47670824893883296,9.473497756049584,2.7067136445855953
1630572,Sandro Mamukelashvili,281,0.501779359430605,0.4743770858093937,19.230685269090788,6.843660238110601
1630573,Sam Hauser,474,0.45147679324894513,0.39102381906366046,82.34074432437237,17.371465047335942
1630574,Ariel Hukporti,31,0.6774193548387096,0.6810552448995651,0.04298982192470735,0.1386768449184108
1630577,Julian Champagnie,665,0.4150375939849624,0.4254256880709103,36.81416039444051,5.535963969088799
1630578,Alperen Sengun,1143,0.49606299212598426,0.513153550916613,26.55896378004622,2.323618878394245
1630579,Jericho Sims,71,0.6338028169014085,0.7379717415487262,-4.3912126317795925,-6.184806523633228
1630581,Josh Giddey,798,0.4649122807017544,0.4751248810823101,16.84689365376922,2.111139555610178
1630583,Santi Aldama,648,0.48302469135802467,0.4726959418413448,40.51526945238008,6.2523563969722344
1630585,Marcus Garrett,27,0.4074074074074074,0.4465409484174516,0.984178159790405,3.6451042955200186
1630590,Scotty Pippen Jr.,595,0.4789915966386555,0.4551249007717902,29.804272828184832,5.009121483728543
1630591,Jalen Suggs,481,0.4095634095634096,0.42436311878806093,15.84830649390947,3.2948662149499937
1630592,Jalen Wilson,620,0.3967741935483871,0.4267948033588548,2.769036750937913,0.4466188307964376
1630595,Cade Cunningham,1457,0.46945778997940973,0.4515223056282503,103.646004392835,7.1136585032831166
1630596,Evan Mobley,906,0.5573951434878587,0.5682390628600489,12.248917777500269,1.3519776796357912
1630598,Aaron Wiggins,728,0.4876373626373626,0.4762369900798568,38.26487467203657,5.256164103301726
1630600,Isaiah Mobley,7,0.2857142857142857,0.4163402446678707,0.3105642822761709,4.436632603945299
1630604,E.J. Liddell,15,0.5333333333333333,0.4237222870190938,1.1996215067649425,7.997476711766283
1630611,Gui Santos,179,0.4581005586592179,0.44874588416774847,8.09458583139094,4.522114989603877
1630618,D.J. Carton,7,0.14285714285714285,0.36874320038727354,0.12283104297193315,1.7547291853133307
1630623,Tyson Etienne,52,0.3269230769230769,0.39753817136471087,4.2101958488804,8.096530478616154
1630625,Dalano Banton,507,0.3905325443786982,0.45348295218199197,-14.896683111660622,-2.9382017971717205
1630631,Jose Alvarado,521,0.3915547024952015,0.41406954588965583,19.35650846492435,3.7152607418280903
1630639,A.J. Lawson,190,0.42105263157894735,0.47421913327355136,-2.459057479510106,-1.2942407786895294
1630643,Jay Huff,305,0.5147540983606558,0.4867207574551223,30.931899555932652,10.141606411781197
1630644,Mac McClung,2,0,0.38939864933490753,0.14024650503667474,7.012325251833737
1630649,Stanley Umude,26,0.19230769230769232,0.42611160759742445,0.9345064757129191,3.5942556758189195
1630658,Colin Castleton,98,0.46938775510204084,0.5121102707118405,0.4786585062699949,0.4884270472142805
1630678,Terry Taylor,1,0,0.47025415301322937,0.14597666163528622,14.597666163528622
1630692,Jordan Goodwin,144,0.4375,0.4251850956223077,6.416952726733809,4.4562171713429235
1630695,Micah Potter,135,0.4222222222222222,0.4533198011142236,4.684331118117699,3.4698749023094067
1630696,Dru Smith,61,0.5081967213114754,0.4555176406121645,3.9582453345231072,6.488926777906733
1630699,MarJon Beauchamp,65,0.4153846153846154,0.4536854947988804,1.988468434547401,3.0591822069960015
1630700,Dyson Daniels,923,0.49295774647887325,0.5078595969281114,-4.521828009554398,-0.48990552649560115
1630702,Jaden Hardy,413,0.4358353510895884,0.4316667676982233,23.74413222173435,5.749184557320666
1630703,Scoot Henderson,685,0.41897810218978104,0.44598733328119683,-1.0844434724307541,-0.15831291568332176
1630762,Phillip Wheeler,21,0.14285714285714285,0.5121763689177377,-0.5928082770649281,-2.822896557452039
1630811,Keaton Wallace,162,0.4012345679012346,0.4212897367499493,7.281395299487121,4.494688456473532
1631093,Jaden Ivey,413,0.4600484261501211,0.45765500302825657,15.974133034884433,3.867828822005916
1631094,Paolo Banchero,911,0.4522502744237102,0.4670197912926339,28.540983568117436,3.132929041505756
1631095,Jabari Smith Jr.,566,0.4381625441696113,0.44746740802122087,23.648078510803458,4.178105743958208
1631096,Chet Holmgren,341,0.4897360703812317,0.5075375386390868,9.961985042844608,2.9214032383708526
1631097,Bennedict Mathurin,853,0.45838218053927315,0.477415327502443,0.5446706990534184,0.06385354033451564
1631098,Johnny Davis,78,0.41025641025641024,0.5003839169557278,-0.8792353591709718,-1.1272248194499639
1631099,Keegan Murray,820,0.44390243902439025,0.45367762509097415,21.328910274435344,2.6010866188335786
1631101,Shaedon Sharpe,1104,0.4519927536231884,0.46461838739586697,13.663021334463222,1.2375925121796396
1631102,TyTy Washington Jr.,45,0.3111111111111111,0.4193310512436761,1.6135846832683238,3.5857437405962753
1631103,Malaki Branham,190,0.45789473684210524,0.44233958321182354,10.645898412439303,5.603104427599633
1631104,Blake Wesley,186,0.43548387096774194,0.5174687290864606,-10.704754068496147,-5.755244122847391
1631105,Jalen Duren,546,0.6923076923076923,0.6845489151693962,13.141081972600297,2.4067915700733145
1631106,Tari Eason,559,0.4865831842576029,0.5152289465283025,-5.916343871315508,-1.0583799412013433
1631107,Nikola Jović,378,0.455026455026455,0.4500448924129602,19.35063556719609,5.119215758517484
1631108,Max Christie,590,0.4271186440677966,0.43270754526227206,23.565103604128513,3.994085356631951
1631109,Mark Williams,447,0.6040268456375839,0.6486935667876963,-10.770699288980648,-2.409552413642203
1631110,Jeremy Sochan,469,0.535181236673774,0.5901863041685335,-25.16458998591886,-5.365584218746026
1631111,Wendell Moore Jr.,126,0.46825396825396826,0.49615940096832456,-0.8743476146477123,-0.6939266782918352
1631114,Jalen Williams,1168,0.4837328767123288,0.47865826500043884,56.39713415741625,4.8285217600527615
1631115,Orlando Robinson,261,0.4444444444444444,0.5173553891793978,-12.214782746856441,-4.679993389600169
1631116,Patrick Baldwin Jr.,35,0.5428571428571428,0.4613033499036516,3.596844177557382,10.276697650163948
1631117,Walker Kessler,420,0.6619047619047619,0.6454808124474116,21.221180619157444,5.052662052180344
1631119,Jaylin Williams,221,0.43891402714932126,0.42664569963562005,20.37567322426786,9.219761639940208
1631120,JD Davison,34,0.35294117647058826,0.44852612912654877,1.0304082402565486,3.03061247134279
1631121,Bryce McGowens,14,0.2857142857142857,0.4859683173043387,0.32149052482520424,2.2963608916086016
1631123,Jamaree Bouyea,12,0.5,0.47178871432940167,0.2495968230948308,2.079973525790257
1631124,Julian Strawther,486,0.43209876543209874,0.4240884195262022,27.29267172344201,5.615776074782306
1631127,Harrison Ingram,4,0.5,0.4725763276219368,0.13865010560321012,3.4662526400802527
1631128,Christian Braun,821,0.5797807551766139,0.551868049811286,28.235533355745815,3.4391636243295753
1631131,Oscar Tshiebwe,70,0.6,0.5199699095317296,4.825572848934356,6.893675498477651
1631132,Christian Koloko,66,0.6060606060606061,0.6671546878236713,-2.073943914007244,-3.1423392636473393
1631133,Jabari Walker,229,0.5152838427947598,0.4941497959489385,7.227245700987252,3.156002489514084
1631157,Ryan Rollins,271,0.4870848708487085,0.45864229572325177,16.05214685313367,5.923301421820542
1631159,Leonard Miller,15,0.4,0.5318120559056599,-0.11679221719895333,-0.7786147813263555
1631165,Keon Ellis,464,0.4892241379310345,0.42492095284677783,71.37416178928183,15.3823624545866
1631166,Drew Timme,102,0.4411764705882353,0.4865788198715332,-0.2651174745481303,-0.2599190926942454
1631169,Josh Minott,90,0.4888888888888889,0.5302543845441606,-0.31807536559445915,-0.3534170728827324
1631170,Jaime Jaquez Jr.,462,0.461038961038961,0.47557429495182907,-0.9041169805861852,-0.19569631614419591
1631172,Ousmane Dieng,125,0.432,0.4910243320465088,1.4001999295114977,1.1201599436091982
1631197,Jared Rhoden,87,0.4827586206896552,0.5068664814548931,0.6448884389893024,0.7412510792980488
1631199,Ron Harper Jr.,8,0.125,0.4025444872677326,0.5780178767121771,7.225223458902214
1631200,Kris Murray,279,0.41935483870967744,0.5118710826481542,-20.354838941066706,-7.295641197514949
1631204,Marcus Sasser,296,0.46283783783783783,0.4223133205259974,25.51849786437862,8.621114143371155
1631207,Dalen Terry,268,0.44776119402985076,0.5073604062199593,-8.500427109114595,-3.1718011601173863
1631209,Isaiah Wong,105,0.3904761904761905,0.4083610997313545,3.1250082406009554,2.976198324381862
1631210,Jacob Toppin,22,0.4090909090909091,0.4872294637289914,0.11224412398396422,0.5102005635634737
1631212,Peyton Watson,428,0.4766355140186916,0.5448573083207707,-29.1415733698071,-6.808778824721285
1631213,Tyrese Martin,465,0.4064516129032258,0.42268367531479045,18.01968809368852,3.8752017405781762
1631214,Alondes Williams,2,1,0.5057840794324875,0.08762462523354791,4.381231261677396
1631216,Caleb Houstan,190,0.42105263157894735,0.383950915305238,25.789797018042147,13.57357737791692
1631217,Moussa Diabaté,280,0.5964285714285714,0.6421933665073344,-12.482243565209245,-4.457944130431874
1631218,Trayce Jackson-Davis,302,0.5761589403973509,0.6279804810190832,-12.053229091360915,-3.991135460715535
1631221,Collin Gillespie,158,0.43037974683544306,0.40910183374263065,13.686206262488627,8.662155862334574
1631222,Jake LaRavia,337,0.47477744807121663,0.4716244503546186,13.664304335336322,4.05468971374965
1631223,David Roddy,125,0.456,0.4469120839238167,3.7128700601763924,2.9702960481411136
1631230,Dominick Barlow,113,0.5309734513274337,0.5567419782149053,-0.6849576757118538,-0.6061572351432335
1631232,Keion Brooks Jr.,109,0.48623853211009177,0.4841875454427999,2.135849984615077,1.9594953987294284
1631243,Mouhamed Gueye,171,0.42105263157894735,0.5275816062563344,-8.899757529988609,-5.2045365672448005
1631245,Quenton Jackson,122,0.47540983606557374,0.5364747180557642,-5.263962293960102,-4.314723191770575
1631246,Vince Williams Jr.,167,0.40119760479041916,0.43325493765805295,1.3546023646837564,0.8111391405291953
1631247,Luke Travers,20,0.25,0.5407056763768197,-0.3556752446559248,-1.7783762232796243
1631248,Baylor Scheierman,110,0.35454545454545455,0.3998684037815441,5.8330789517621175,5.302799047056471
1631250,Pete Nance,32,0.4375,0.41692347452044487,3.0499043844816973,9.530951201505305
1631255,Karlo Matković,235,0.574468085106383,0.5636492145822404,1.2973483255804639,0.5520631172682825
1631260,AJ Green,424,0.42924528301886794,0.3764700031364864,86.128735351829,20.313380979204954
1631288,Jamal Cain,158,0.43037974683544306,0.45844338004347646,2.7072663688670504,1.7134597271310446
1631301,Jaylen Sims,28,0.42857142857142855,0.44278634073478834,1.3998963790810968,4.999629925289631
1631303,Justin Minaya,21,0.38095238095238093,0.4456684724206016,0.363058238827569,1.728848756321757
1631306,Cole Swider,63,0.3492063492063492,0.3901707019124712,4.367076004496707,6.931866673804296
1631311,Lester Quinones,78,0.3974358974358974,0.4211796720822652,3.1795860967931393,4.0763924317860765
1631321,Sidy Cissoko,30,0.43333333333333335,0.4615112339456876,0.4375806850183335,1.458602283394445
1631323,Simone Fontecchio,373,0.40214477211796246,0.42495084725739807,10.98701009307176,2.9455791134240643
1631342,Daeqwon Plowden,25,0.64,0.5113700377941132,2.6644464311658402,10.657785724663361
1631386,Taze Moore,10,0.2,0.4379038535058498,0.21429725280274603,2.1429725280274603
1631466,Nate Williams,62,0.43548387096774194,0.456648884761718,1.5277488524667149,2.464111052365669
1641705,Victor Wembanyama,857,0.47607934655775963,0.4710606213750333,67.59552431228218,7.8874590796128565
1641706,Brandon Miller,491,0.40325865580448067,0.4120095015148767,33.11782127999939,6.744973784113928
1641707,Taylor Hendricks,18,0.2222222222222222,0.44134959909651017,0.9719644730535519,5.399802628075289
1641708,Amen Thompson,697,0.5566714490674318,0.5692663023213574,-7.493224953859129,-1.0750681425909798
1641709,Ausar Thompson,460,0.5347826086956522,0.5969424843788147,-33.68060124800597,-7.321869836523037
1641710,Anthony Black,621,0.4219001610305958,0.46698143054849667,-21.80779213553204,-3.51172176095524
1641711,Gradey Dick,647,0.4095826893353941,0.4530909859922238,-6.550650593998017,-1.0124653159193227
1641712,Rayan Rupert,142,0.4084507042253521,0.4759501175771297,-2.2036860006039376,-1.5518915497210828
1641713,GG Jackson,199,0.37185929648241206,0.47360889351547664,-5.597061698567719,-2.8125938183757384
1641715,Cam Whitmore,403,0.4441687344913151,0.4774595370363657,2.8516368533359535,0.7076021968575568
1641716,Jarace Walker,360,0.4722222222222222,0.45829538522909086,26.558206860712488,7.377279683531247
1641717,Cason Wallace,489,0.47443762781186094,0.48623267434735484,1.5520446974798292,0.3173915536768567
1641718,Keyonte George,919,0.3906420021762786,0.3963340645467496,51.401835237302514,5.593235607976334
1641720,Jalen Hood-Schifino,98,0.37755102040816324,0.40724956533130335,4.400467740384216,4.49027320447369
1641721,Maxwell Lewis,108,0.4166666666666667,0.44814445368117756,2.749441359059517,2.5457790361662194
1641722,Jordan Hawkins,556,0.3723021582733813,0.412556758753473,8.248924057440712,1.483619434791495
1641723,Kobe Bufkin,47,0.3829787234042553,0.42873026969585015,0.5160139699209113,1.0979020636615135
1641724,Jett Howard,262,0.37404580152671757,0.4026942773231568,6.363586107126221,2.4288496592084816
1641725,Trey Alexander,41,0.3170731707317073,0.4304678207490502,1.2266350864525413,2.991792893786686
1641726,Dereck Lively II,191,0.7015706806282722,0.6760911459386036,5.891315152238325,3.084458194889175
1641727,Dariq Whitehead,96,0.40625,0.3880466589083274,12.904894381129585,13.442598313676653
1641729,Brice Sensabaugh,599,0.4590984974958264,0.4055050136350431,88.67713645714471,14.804196403530003
1641730,Noah Clowney,372,0.3575268817204301,0.41925346765226573,3.7544205036341385,1.0092528235575642
1641731,Bilal Coulibaly,624,0.421474358974359,0.49066095550855,-33.91783372079087,-5.435550275767767
1641732,Colby Jones,129,0.4573643410852713,0.4448616527771765,5.203540581111168,4.03375238845827
1641733,Nick Smith Jr.,569,0.39015817223198596,0.41152885545745677,20.832612834256576,3.661267633437008
1641734,Emoni Bates,38,0.34210526315789475,0.38063843901220124,3.9240854819012987,10.326540741845523
1641736,Reece Beekman,107,0.32710280373831774,0.44020028885836915,-2.631137664553473,-2.459007163134087
1641737,Adem Bona,192,0.703125,0.6967055620625615,-1.746335982290978,-0.9095499907765511
1641738,Kobe Brown,72,0.4583333333333333,0.48091431707143784,0.4786263104867302,0.6647587645649031
1641739,Toumani Camara,716,0.4581005586592179,0.4899511103981367,-7.238081278932848,-1.010905206554867
1641740,Jaylen Clark,120,0.4666666666666667,0.45682013320426146,1.1716818096074946,0.9764015080062455
1641741,Ricky Council IV,463,0.38228941684665224,0.4609914900127549,-29.08985116155869,-6.282905218479199
1641744,Zach Edey,433,0.5796766743648961,0.6067655405188818,-0.7049453712423737,-0.16280493562179532
1641745,Adam Flagler,96,0.2604166666666667,0.3956449388836821,-0.562195291934363,-0.5856200957649614
1641748,Andre Jackson Jr.,197,0.47715736040609136,0.53662531667857,-5.0097032370867,-2.5429965670490864
1641752,Bobi Klintman,10,0.6,0.4870236873626709,0.48737958166314843,4.873795816631484
1641753,Chris Livingston,27,0.3333333333333333,0.5081483456823561,-0.7945548817885677,-2.9427958584761766
1641755,Kevin McCullar Jr.,7,0.2857142857142857,0.4147504184927259,0.04533122674785106,0.6475889535407295
1641757,Jordan Miller,134,0.43283582089552236,0.4816939470483296,-2.1149923472069787,-1.5783524979156558
1641763,Julian Phillips,287,0.445993031358885,0.5104885566525343,-9.703385671875445,-3.380970617378204
1641764,Brandin Podziemski,629,0.4451510333863275,0.41824138999601235,57.292123524431894,9.10844571135642
1641765,Olivier-Maxence Prosper,174,0.40229885057471265,0.5085656724270733,-8.870051723401437,-5.097730875518067
1641766,Adama Sanogo,7,0.5714285714285714,0.6184062957763672,-0.011949076422874239,-0.17070109175534626
1641767,Ben Sheppard,287,0.4181184668989547,0.43269797832500645,5.897246640891986,2.0547897703456397
1641772,Nae'Qwan Tomlin,32,0.40625,0.5233609066344798,-0.9811119659645832,-3.0659748936393223
1641774,Tristan Vukcevic,242,0.49586776859504134,0.4585586026434071,17.622981319496724,7.282223685742448
1641775,Jordan Walsh,83,0.3614457831325301,0.44567184545189503,1.4923668699771242,1.7980323734664145
1641779,Jalen Bridges,7,0.2857142857142857,0.341996859226908,1.1511820974095013,16.445458534421448
1641783,Tristan da Silva,483,0.41200828157349895,0.46073284300958145,-10.717854526841153,-2.219017500381191
1641787,Tosan Evbuomwan,220,0.42727272727272725,0.4630924648859284,0.08651845581595814,0.039326570825435524
1641789,Jazian Gortman,23,0.391304347826087,0.4191418257744416,1.0978692582969298,4.773344601291
1641790,PJ Hall,24,0.5833333333333334,0.5352238323539495,0.09777618629180507,0.40740077621585447
1641794,Dillon Jones,133,0.38345864661654133,0.45398864564590885,-1.6215655215215845,-1.2192221966327703
1641796,Pelle Larsson,203,0.43842364532019706,0.4840939613105041,-2.4720451551079847,-1.2177562340433423
1641798,Jaylen Martin,74,0.4189189189189189,0.4806668182482591,0.05713867907530115,0.0772144311828394
1641801,Emanuel Miller,8,0.5,0.6354071795940399,-0.3332766622440569,-4.165958278050711
1641803,Tristen Newton,8,0.125,0.3962060362100601,0.27383811848810025,3.4229764811012533
1641809,Drew Peterson,41,0.4146341463414634,0.39454736288000897,4.647289236757602,11.334851796969762
1641810,Antonio Reeves,248,0.45564516129032256,0.4400745219881496,13.902396591027921,5.605805077027387
1641815,Isaiah Stevens,2,0,0.3926572650671005,0.14372284023187037,7.186142011593518
1641816,Hunter Tyson,120,0.375,0.4448655848701795,2.114837177698455,1.7623643147487127
1641817,Anton Watson,9,0.4444444444444444,0.5534568561447991,0.0733841321468437,0.815379246076041
1641824,Matas Buzelis,555,0.4540540540540541,0.5061278679349401,-20.84310358111006,-3.75551415875857
1641842,Ronald Holland II,416,0.4735576923076923,0.5009022908679281,-6.448932633765273,-1.55022419080896
1641854,Craig Porter Jr.,140,0.5142857142857142,0.45516995947275846,5.725861361238792,4.089900972313423
1641857,Liam Robbins,8,0.25,0.512255348265171,-0.1688757570941074,-2.1109469636763425
1641871,Duop Reath,166,0.42168674698795183,0.437766877463065,8.306088199664329,5.0036675901592345
1641878,Damion Baugh,129,0.32558139534883723,0.44387541896151017,-4.2491792229962755,-3.2939373821676554
1641879,Yuri Collins,3,0.3333333333333333,0.4317564169565837,0.4395865150690339,14.652883835634464
1641890,Tyler Smith,50,0.48,0.45093668162822725,3.220556996164929,6.441113992329858
1641936,Miles Norris,9,0.2222222222222222,0.3687662151124742,0.8386166517690508,9.317962797433898
1641989,Elijah Harkless,35,0.3142857142857143,0.434843533379691,2.136118577616346,6.103195936046703
1641998,Trey Jemison III,74,0.5540540540540541,0.5884825176483875,-0.011913374224364393,-0.01609915435724918
1642024,Alex Reese,54,0.48148148148148145,0.42228661270605194,5.394732986841102,9.990246271927967
1642050,Jackson Rowe,17,0.47058823529411764,0.4360342201064615,0.8150464061233671,4.794390624255101
1642258,Zaccharie Risacher,780,0.4576923076923077,0.4960554435085028,-27.253863810418302,-3.494085103899782
1642259,Alex Sarr,828,0.39371980676328505,0.4710390678458456,-50.88237609814502,-6.145214504606887
1642261,Dalton Knecht,557,0.4614003590664273,0.44394583190846487,46.01457094053467,8.261143795428127
1642262,Cody Williams,257,0.3229571984435798,0.4240715670968308,-10.865864319965779,-4.2279627704147
1642263,Reed Sheppard,239,0.3514644351464435,0.40178651727393083,8.05793579252333,3.3715212521018114
1642264,Stephon Castle,988,0.42813765182186236,0.4837876612901205,-60.86164382208477,-6.1600854070936
1642265,Rob Dillingham,211,0.44075829383886256,0.449911241282784,4.414848741680412,2.092345375203987
1642266,Ja'Kobe Walter,393,0.40458015267175573,0.4473168384141594,-5.082915427912941,-1.2933627043035474
1642267,Bub Carrington,748,0.40106951871657753,0.4207601369343658,28.36035346691313,3.79149110520229
1642268,Isaiah Collier,555,0.42162162162162165,0.4583288653476818,-13.379646764746864,-2.410747164819255
1642269,Devin Carter,127,0.3700787401574803,0.4474366248592617,0.7719261862877795,0.607815894714787
1642270,Donovan Clingan,334,0.5389221556886228,0.6013421213733936,-20.22698385390214,-6.05598318979106
1642271,Kyle Filipowski,518,0.5019305019305019,0.4664229900651687,33.924739427301795,6.549177495618107
1642272,Jared McCain,274,0.45985401459854014,0.43101736288653675,17.973805611934317,6.559783070049021
1642273,Kyshawn George,546,0.3717948717948718,0.42334366757627373,-5.102757011079228,-0.9345708811500417
1642274,Yves Missi,491,0.5478615071283096,0.6402816269584682,-61.624169883507456,-12.550747430449583
1642275,Tidjane Salaün,345,0.33043478260869563,0.4320567163004391,-14.116734096354651,-4.091806984450623
1642276,Kel'el Ware,464,0.5538793103448276,0.6049156660567326,-28.405186872279085,-6.121807515577389
1642277,Johnny Furphy,92,0.3804347826086957,0.45706918689867726,0.8118400708134471,0.8824348595798339
1642278,Tyler Kolek,82,0.32926829268292684,0.4222886014457156,1.7237402750003723,2.10212228658582
1642279,Ulrich Chomche,5,0.4,0.5831881165504456,0.27299854323296513,5.459970864659303
1642280,Trentyn Flowers,11,0.36363636363636365,0.5080436413938348,-0.19017904774101768,-1.7289004340092518
1642281,Jaylon Tyson,149,0.42953020134228187,0.48129212076231936,-1.5196395313932443,-1.019892302948486
1642285,Cam Spencer,82,0.4146341463414634,0.41795365512371063,5.622921398832568,6.8572212180884975
1642345,Oso Ighodaro,187,0.6042780748663101,0.5905282992650481,6.899479022924155,3.6895609748257514
1642346,Ryan Dunn,477,0.429769392033543,0.4592485924561818,-8.378639880044425,-1.7565282767388732
1642347,Jamal Shead,504,0.40476190476190477,0.42831349421647336,1.6620892616641505,0.32977961540955364
1642348,Justin Edwards,378,0.455026455026455,0.44383718305952335,19.359874105938662,5.121659816385889
1642349,Ajay Mitchell,184,0.4945652173913043,0.453837009349271,8.390324246286852,4.559958829503724
1642352,Keshad Johnson,26,0.6923076923076923,0.5930464370892599,0.29475520478678346,1.1336738645645519
1642353,Cam Christie,24,0.2916666666666667,0.4893726172546546,0.22320038480873575,0.9300016033697323
1642354,KJ Simpson,301,0.34551495016611294,0.42788288299229454,-11.37598308120536,-3.7793963724934754
1642355,Bronny James,67,0.31343283582089554,0.40632864832878113,1.4524728787083445,2.1678699682214098
1642358,AJ Johnson,213,0.38497652582159625,0.4727080061402119,-10.688018689677993,-5.017849150083564
1642359,Pacôme Dadiet,31,0.3225806451612903,0.4141318182791433,1.5314011910097496,4.940003841966934
1642366,Quinten Post,274,0.4489051094890511,0.42222635007470194,25.15929990800836,9.182226243798672
1642367,Jonathan Mogbo,356,0.43820224719101125,0.5781651621663504,-46.395144636419374,-13.032343998994206
1642368,N'Faly Dante,13,0.7692307692307693,0.6531814749424274,0.11807228887302224,0.9082483759463249
1642377,Jaylen Wells,675,0.42518518518518517,0.4342399770242197,17.806958428914495,2.63806791539474
1642382,Branden Carlson,97,0.44329896907216493,0.45402522830619024,5.523991929915338,5.6948370411498335
1642384,Isaiah Crawford,11,0.45454545454545453,0.4193924204869704,0.5025900387975855,4.569000352705323
1642385,Cui Cui,7,0.14285714285714285,0.4732032375676291,0.013896112183087062,0.19851588832981518
1642389,Zyon Pullin,1,0,0.409330815076828,0.14585098711284838,14.58509871128484
1642402,Enrique Freeman,37,0.43243243243243246,0.5622447475388244,-1.2287979837002163,-3.321075631622206
1642403,Isaac Jones,83,0.6506024096385542,0.6130724705486412,0.8163730530323132,0.9835819916051968
1642419,Jamison Battle,347,0.42939481268011526,0.40902589255090405,37.4573434240351,10.794623465139798
1642422,Armel Traore,19,0.3157894736842105,0.5675656701389112,-0.4268826052216078,-2.246750553797936
1642434,Riley Minix,1,0,0.2972579002380371,0.14332367173695806,14.332367173695806
1642439,Quincy Olivari,5,0.2,0.36436969637870786,0.8426471396545001,16.85294279309
1642443,Jahmir Young,5,0.8,0.4620262771844864,0.1415874423932154,2.8317488478643082
1642449,Tolu Smith,9,0.6666666666666666,0.6169213122791715,0.0994011863760127,1.1044576264001411
1642450,Daniss Jenkins,10,0.3,0.44207649528980253,0.7370137470856478,7.370137470856479
1642461,Spencer Jones,34,0.3235294117647059,0.4667123117867638,0.3008637906924616,0.8848935020366517
1642484,RayJ Dennis,33,0.3333333333333333,0.3872729338931315,2.0490816088986636,6.209338208783829
1642502,Malevy Leons,2,0,0.30207618325948715,0.11080985613367034,5.540492806683517
1642505,Alex Ducas,30,0.4,0.4053984185059865,2.8316532728865145,9.438844242955048
1642530,Yuki Kawamura,30,0.36666666666666664,0.397944305340449,2.7881653919307725,9.29388463976924
